{
	"info": {
		"_postman_id": "b64dc22d-01ec-4b0d-a112-f4013bfa0946",
		"name": "Zold",
		"schema": "https://schema.getpostman.com/json/collection/v2.1.0/collection.json"
	},
	"item": [
		{
			"name": "http://localhost/zold/restfulserv/szerver.php",
			"request": {
				"method": "PUT",
				"header": [],
				"body": {
					"mode": "formdata",
					"formdata": [
						{
							"key": "tip",
							"value": "proba",
							"type": "text",
							"disabled": true
						},
						{
							"key": "jel",
							"value": "valami",
							"type": "text",
							"disabled": true
						}
					]
				},
				"url": {
					"raw": "http://localhost/zold/restfulserv/szerver.php",
					"protocol": "http",
					"host": [
						"localhost"
					],
					"path": [
						"zold",
						"restfulserv",
						"szerver.php"
					]
				}
			},
			"response": []
		},
		{
			"name": "http://localhost/zold/restfulserv/szerver.php",
			"request": {
				"method": "GET",
				"header": [],
				"url": {
					"raw": "http://localhost/zold/restfulserv/szerver.php",
					"protocol": "http",
					"host": [
						"localhost"
					],
					"path": [
						"zold",
						"restfulserv",
						"szerver.php"
					]
				}
			},
			"response": []
		},
		{
			"name": "http://localhost/zold/restfulserv/szerver.php",
			"request": {
				"method": "POST",
				"header": [],
				"body": {
					"mode": "formdata",
					"formdata": [
						{
							"key": "id",
							"value": "18",
							"type": "text"
						},
						{
							"key": "tip",
							"value": "egy",
							"type": "text"
						},
						{
							"key": "jel",
							"value": "ketto",
							"type": "text"
						}
					]
				},
				"url": {
					"raw": "http://localhost/zold/restfulserv/szerver.php",
					"protocol": "http",
					"host": [
						"localhost"
					],
					"path": [
						"zold",
						"restfulserv",
						"szerver.php"
					]
				}
			},
			"response": []
		},
		{
			"name": "http://localhost/zold/restfulserv/szerver.php",
			"request": {
				"method": "DELETE",
				"header": [],
				"body": {
					"mode": "formdata",
					"formdata": [
						{
							"key": "id",
							"value": "7",
							"type": "text"
						}
					]
				},
				"url": {
					"raw": "http://localhost/zold/restfulserv/szerver.php",
					"protocol": "http",
					"host": [
						"localhost"
					],
					"path": [
						"zold",
						"restfulserv",
						"szerver.php"
					]
				}
			},
			"response": []
		},
		{
			"name": "https://gorest.co.in/public/v1/users?access-token=a217ccb49c3be7355cc0c0c12ad4d2e6f915c23094b2e67ed30ed8c092e745de",
			"request": {
				"method": "GET",
				"header": [],
				"url": null
			},
			"response": []
		},
		{
			"name": "https://gorest.co.in/public/v1/users?access-token=a217ccb49c3be7355cc0c0c12ad4d2e6f915c23094b2e67ed30ed8c092e745de",
			"request": {
				"method": "POST",
				"header": [],
				"body": {
					"mode": "formdata",
					"formdata": [
						{
							"key": "name",
							"value": "Kiváncsi Fáncsi",
							"type": "text"
						},
						{
							"key": "email",
							"value": "proba@gmail.com",
							"type": "text"
						},
						{
							"key": "gender",
							"value": "female",
							"type": "text"
						},
						{
							"key": "status",
							"value": "active",
							"type": "text"
						}
					]
				},
				"url": {
					"raw": "https://gorest.co.in/public/v1/users?access-token=a217ccb49c3be7355cc0c0c12ad4d2e6f915c23094b2e67ed30ed8c092e745de",
					"protocol": "https",
					"host": [
						"gorest",
						"co",
						"in"
					],
					"path": [
						"public",
						"v1",
						"users"
					],
					"query": [
						{
							"key": "access-token",
							"value": "a217ccb49c3be7355cc0c0c12ad4d2e6f915c23094b2e67ed30ed8c092e745de"
						}
					]
				}
			},
			"response": []
		},
		{
			"name": "https://gorest.co.in/public/v1/users?access-token=a217ccb49c3be7355cc0c0c12ad4d2e6f915c23094b2e67ed30ed8c092e745de",
			"request": {
				"method": "DELETE",
				"header": [],
				"body": {
					"mode": "urlencoded",
					"urlencoded": [
						{
							"key": "id",
							"value": "10",
							"type": "text"
						}
					]
				},
				"url": {
					"raw": "https://gorest.co.in/public/v1/users?access-token=a217ccb49c3be7355cc0c0c12ad4d2e6f915c23094b2e67ed30ed8c092e745de",
					"protocol": "https",
					"host": [
						"gorest",
						"co",
						"in"
					],
					"path": [
						"public",
						"v1",
						"users"
					],
					"query": [
						{
							"key": "access-token",
							"value": "a217ccb49c3be7355cc0c0c12ad4d2e6f915c23094b2e67ed30ed8c092e745de"
						}
					]
				}
			},
			"response": []
		},
		{
			"name": "https://gorest.co.in/public/v1/users?access-token=a217ccb49c3be7355cc0c0c12ad4d2e6f915c23094b2e67ed30ed8c092e745de",
			"request": {
				"method": "PUT",
				"header": [],
				"body": {
					"mode": "urlencoded",
					"urlencoded": [
						{
							"key": "name",
							"value": "Nevem senki",
							"type": "text"
						}
					]
				},
				"url": {
					"raw": "https://gorest.co.in/public/v1/users?access-token=a217ccb49c3be7355cc0c0c12ad4d2e6f915c23094b2e67ed30ed8c092e745de",
					"protocol": "https",
					"host": [
						"gorest",
						"co",
						"in"
					],
					"path": [
						"public",
						"v1",
						"users"
					],
					"query": [
						{
							"key": "access-token",
							"value": "a217ccb49c3be7355cc0c0c12ad4d2e6f915c23094b2e67ed30ed8c092e745de"
						}
					]
				}
			},
			"response": []
		}
	]
}